<?xml version="1.0" encoding="UTF-8"?>
<!--
  ~ Licensed to the Apache Software Foundation (ASF) under one or more contributor license agreements.  See the NOTICE file distributed with this work for additional information regarding copyright ownership.  The ASF licenses this file to you under the Apache License, Version 2.0 (the "License"); you may not use this file except in compliance with the License.  You may obtain a copy of the License at      http://www.apache.org/licenses/LICENSE-2.0  Unless required by applicable law or agreed to in writing, software distributed under the License is distributed on an "AS IS" BASIS, WITHOUT WARRANTIES OR CONDITIONS OF ANY KIND, either express or implied.  See the License for the specific language governing permissions and limitations under the License.
  -->
<configuration scan="true" scanPeriod="60 seconds">
    <jmxConfigurator/>
    <!-- prevent logback from outputting its own status at the start of every log -->
    <statusListener class="ch.qos.logback.core.status.NopStatusListener"/>
    <appender class="ch.qos.logback.core.rolling.RollingFileAppender" name="FILE_ERROR">
        <file>${IOTDB_HOME}/logs/log_error.log</file>
        <rollingPolicy class="ch.qos.logback.core.rolling.TimeBasedRollingPolicy">
            <fileNamePattern>${IOTDB_HOME}/logs/log-error-%d{yyyy-MM-dd}.%i.log</fileNamePattern>
            <timeBasedFileNamingAndTriggeringPolicy class="ch.qos.logback.core.rolling.SizeAndTimeBasedFNATP">
                <maxFileSize>2MB</maxFileSize>
            </timeBasedFileNamingAndTriggeringPolicy>
        </rollingPolicy>
        <append>true</append>
        <encoder class="ch.qos.logback.classic.encoder.PatternLayoutEncoder">
            <pattern>%d [%t] %-5p %C:%L - %m %n</pattern>
            <charset>utf-8</charset>
        </encoder>
        <filter class="ch.qos.logback.classic.filter.LevelFilter">
            <level>error</level>
            <onMatch>ACCEPT</onMatch>
            <onMismatch>DENY</onMismatch>
        </filter>
    </appender>
    <appender class="ch.qos.logback.core.rolling.RollingFileAppender" name="FILE_WARN">
        <file>${IOTDB_HOME}/logs/log_warn.log</file>
        <rollingPolicy class="ch.qos.logback.core.rolling.TimeBasedRollingPolicy">
            <fileNamePattern>${IOTDB_HOME}/logs/log-warn-%d{yyyy-MM-dd}.%i.log</fileNamePattern>
            <timeBasedFileNamingAndTriggeringPolicy class="ch.qos.logback.core.rolling.SizeAndTimeBasedFNATP">
                <maxFileSize>2MB</maxFileSize>
            </timeBasedFileNamingAndTriggeringPolicy>
        </rollingPolicy>
        <append>true</append>
        <encoder class="ch.qos.logback.classic.encoder.PatternLayoutEncoder">
            <pattern>%d [%t] %-5p %C:%L - %m %n</pattern>
            <charset>utf-8</charset>
        </encoder>
        <filter class="ch.qos.logback.classic.filter.LevelFilter">
            <level>WARN</level>
            <onMatch>ACCEPT</onMatch>
            <onMismatch>DENY</onMismatch>
        </filter>
    </appender>
    <appender class="ch.qos.logback.core.rolling.RollingFileAppender" name="FILE_INFO">
        <file>${IOTDB_HOME}/logs/log_info.log</file>
        <rollingPolicy class="ch.qos.logback.core.rolling.TimeBasedRollingPolicy">
            <fileNamePattern>${IOTDB_HOME}/logs/log-info-%d{yyyy-MM-dd}.%i.log</fileNamePattern>
            <timeBasedFileNamingAndTriggeringPolicy class="ch.qos.logback.core.rolling.SizeAndTimeBasedFNATP">
                <maxFileSize>200MB</maxFileSize>
            </timeBasedFileNamingAndTriggeringPolicy>
        </rollingPolicy>
        <append>true</append>
        <encoder class="ch.qos.logback.classic.encoder.PatternLayoutEncoder">
            <pattern>%d [%t] %-5p %C:%L - %m %n</pattern>
            <charset>utf-8</charset>
        </encoder>
        <filter class="ch.qos.logback.classic.filter.LevelFilter">
            <level>INFO</level>
            <onMatch>ACCEPT</onMatch>
            <onMismatch>DENY</onMismatch>
        </filter>
    </appender>
    <appender class="ch.qos.logback.core.rolling.RollingFileAppender" name="FILE_DEBUG">
        <file>${IOTDB_HOME}/logs/log_debug.log</file>
        <rollingPolicy class="ch.qos.logback.core.rolling.TimeBasedRollingPolicy">
            <fileNamePattern>${IOTDB_HOME}/logs/log-debug-%d{yyyy-MM-dd}.%i.log</fileNamePattern>
            <timeBasedFileNamingAndTriggeringPolicy class="ch.qos.logback.core.rolling.SizeAndTimeBasedFNATP">
                <maxFileSize>200MB</maxFileSize>
            </timeBasedFileNamingAndTriggeringPolicy>
        </rollingPolicy>
        <append>true</append>
        <encoder class="ch.qos.logback.classic.encoder.PatternLayoutEncoder">
            <pattern>%d [%t] %-5p %C:%L - %m %n</pattern>
            <charset>utf-8</charset>
        </encoder>
        <filter class="ch.qos.logback.classic.filter.LevelFilter">
            <level>DEBUG</level>
            <onMatch>ACCEPT</onMatch>
            <onMismatch>DENY</onMismatch>
        </filter>
    </appender>
    <appender class="ch.qos.logback.core.rolling.RollingFileAppender" name="FILE_TRACE">
        <file>${IOTDB_HOME}/logs/log_trace.log</file>
        <rollingPolicy class="ch.qos.logback.core.rolling.TimeBasedRollingPolicy">
            <fileNamePattern>${IOTDB_HOME}/logs/log-trace-%d{yyyy-MM-dd}.%i.log</fileNamePattern>
            <timeBasedFileNamingAndTriggeringPolicy class="ch.qos.logback.core.rolling.SizeAndTimeBasedFNATP">
                <maxFileSize>200MB</maxFileSize>
            </timeBasedFileNamingAndTriggeringPolicy>
        </rollingPolicy>
        <append>true</append>
        <encoder class="ch.qos.logback.classic.encoder.PatternLayoutEncoder">
            <pattern>%d [%t] %-5p %C:%L - %m %n</pattern>
            <charset>utf-8</charset>
        </encoder>
        <filter class="ch.qos.logback.classic.filter.LevelFilter">
            <level>TRACE</level>
            <onMatch>ACCEPT</onMatch>
            <onMismatch>DENY</onMismatch>
        </filter>
    </appender>
    <appender class="ch.qos.logback.core.ConsoleAppender" name="FILE_STDOUT">
        <Target>System.out</Target>
        <encoder>
            <pattern>%d [%t] %-5p %C:%L - %m %n</pattern>
            <charset>utf-8</charset>
        </encoder>
        <filter class="ch.qos.logback.classic.filter.ThresholdFilter">
            <level>INFO</level>
        </filter>
    </appender>
    <logger level="info" name="org.apache.iotdb.db.service"/>
    <logger level="info" name="org.apache.iotdb.db.conf"/>
    <!-- a log appender that collect all log records whose level is greather than debug-->
    <appender class="ch.qos.logback.core.rolling.RollingFileAppender" name="FILE_ALL">
        <file>${IOTDB_HOME}/logs/log_all.log</file>
        <rollingPolicy class="ch.qos.logback.core.rolling.TimeBasedRollingPolicy">
            <fileNamePattern>${IOTDB_HOME}/logs/log-all-%d{yyyy-MM-dd}.%i.log</fileNamePattern>
            <timeBasedFileNamingAndTriggeringPolicy class="ch.qos.logback.core.rolling.SizeAndTimeBasedFNATP">
                <maxFileSize>200MB</maxFileSize>
            </timeBasedFileNamingAndTriggeringPolicy>
        </rollingPolicy>
        <append>true</append>
        <encoder class="ch.qos.logback.classic.encoder.PatternLayoutEncoder">
            <pattern>%d [%t] %-5p %C:%L - %m %n</pattern>
            <charset>utf-8</charset>
        </encoder>
        <filter class="ch.qos.logback.classic.filter.ThresholdFilter">
            <level>DEBUG</level>
        </filter>
    </appender>
    <appender class="ch.qos.logback.core.rolling.RollingFileAppender" name="FILE_COST_MEASURE">
        <file>${IOTDB_HOME}/logs/log_measure.log</file>
        <rollingPolicy class="ch.qos.logback.core.rolling.TimeBasedRollingPolicy">
            <fileNamePattern>${IOTDB_HOME}/logs/log-measure-%d{yyyy-MM-dd}.%i.log</fileNamePattern>
            <timeBasedFileNamingAndTriggeringPolicy class="ch.qos.logback.core.rolling.SizeAndTimeBasedFNATP">
                <maxFileSize>200MB</maxFileSize>
            </timeBasedFileNamingAndTriggeringPolicy>
        </rollingPolicy>
        <append>true</append>
        <encoder class="ch.qos.logback.classic.encoder.PatternLayoutEncoder">
            <pattern>%d [%t] %-5p %C:%L - %m %n</pattern>
            <charset>utf-8</charset>
        </encoder>
        <filter class="ch.qos.logback.classic.filter.ThresholdFilter">
            <level>INFO</level>
        </filter>
    </appender>
    <appender class="ch.qos.logback.core.rolling.RollingFileAppender" name="FILE_DYNAMIC_PARAMETER">
        <file>${IOTDB_HOME}/logs/log_dynamic_adapter.log</file>
        <rollingPolicy class="ch.qos.logback.core.rolling.TimeBasedRollingPolicy">
            <fileNamePattern>${IOTDB_HOME}/logs/log-measure-%d{yyyy-MM-dd}.%i.log</fileNamePattern>
            <timeBasedFileNamingAndTriggeringPolicy class="ch.qos.logback.core.rolling.SizeAndTimeBasedFNATP">
                <maxFileSize>200MB</maxFileSize>
            </timeBasedFileNamingAndTriggeringPolicy>
        </rollingPolicy>
        <append>true</append>
        <encoder class="ch.qos.logback.classic.encoder.PatternLayoutEncoder">
            <pattern>%d [%t] %-5p %C:%L - %m %n</pattern>
            <charset>utf-8</charset>
        </encoder>
        <filter class="ch.qos.logback.classic.filter.ThresholdFilter">
            <level>DEBUG</level>
        </filter>
    </appender>
    <appender name="ASYNC_FILE_ERROR" class="ch.qos.logback.classic.AsyncAppender">
        <queueSize>1024</queueSize>
        <neverBlock>true</neverBlock>
        <includeCallerData>true</includeCallerData>
        <appender-ref ref="FILE_ERROR"/>
    </appender>
    <appender name="ASYNC_FILE_WARN" class="ch.qos.logback.classic.AsyncAppender">
        <queueSize>1024</queueSize>
        <neverBlock>true</neverBlock>
        <includeCallerData>true</includeCallerData>
        <appender-ref ref="FILE_WARN"/>
    </appender>
    <appender name="ASYNC_FILE_INFO" class="ch.qos.logback.classic.AsyncAppender">
        <queueSize>1024</queueSize>
        <neverBlock>true</neverBlock>
        <includeCallerData>true</includeCallerData>
        <appender-ref ref="FILE_INFO"/>
    </appender>
    <appender name="ASYNC_FILE_DEBUG" class="ch.qos.logback.classic.AsyncAppender">
        <queueSize>1024</queueSize>
        <neverBlock>true</neverBlock>
        <includeCallerData>true</includeCallerData>
        <appender-ref ref="FILE_DEBUG"/>
    </appender>
    <appender name="ASYNC_FILE_TRACE" class="ch.qos.logback.classic.AsyncAppender">
        <queueSize>1024</queueSize>
        <neverBlock>true</neverBlock>
        <includeCallerData>true</includeCallerData>
        <appender-ref ref="FILE_TRACE"/>
    </appender>
    <appender name="ASYNC_FILE_ALL" class="ch.qos.logback.classic.AsyncAppender">
        <queueSize>1024</queueSize>
        <neverBlock>true</neverBlock>
        <includeCallerData>true</includeCallerData>
        <appender-ref ref="FILE_ALL"/>
    </appender>
    <appender name="ASYNC_FILE_COST_MEASURE" class="ch.qos.logback.classic.AsyncAppender">
        <queueSize>1024</queueSize>
        <neverBlock>true</neverBlock>
        <includeCallerData>true</includeCallerData>
        <appender-ref ref="FILE_COST_MEASURE"/>
    </appender>
    <appender name="ASYNC_FILE_DYNAMIC_PARAMETER" class="ch.qos.logback.classic.AsyncAppender">
        <queueSize>1024</queueSize>
        <neverBlock>true</neverBlock>
        <includeCallerData>true</includeCallerData>
        <appender-ref ref="FILE_DYNAMIC_PARAMETER"/>
    </appender>
    <appender name="ASYNC_FILE_STDOUT" class="ch.qos.logback.classic.AsyncAppender">
        <queueSize>1024</queueSize>
        <neverBlock>true</neverBlock>
        <includeCallerData>true</includeCallerData>
        <appender-ref ref="FILE_STDOUT"/>
    </appender>
    <root level="info">
        <appender-ref ref="ASYNC_FILE_TRACE"/>
        <appender-ref ref="ASYNC_FILE_DEBUG"/>
        <appender-ref ref="ASYNC_FILE_INFO"/>
        <appender-ref ref="ASYNC_FILE_WARN"/>
        <appender-ref ref="ASYNC_FILE_ERROR"/>
        <appender-ref ref="ASYNC_FILE_ALL"/>
        <appender-ref ref="ASYNC_FILE_STDOUT"/>
    </root>
    <logger level="info" name="org.apache.iotdb.db.cost.statistic">
        <appender-ref ref="FILE_COST_MEASURE"/>
    </logger>
    <logger level="info" name="org.apache.iotdb.cluster.server.heartbeat"/>
    <logger level="error" name="org.apache.thrift.server.AbstractNonblockingServer"/>
    <logger level="off" name="org.apache.thrift.server.TThreadPoolServer"/>
</configuration>
